album_name,track_title,track_n,lyric,line
Midnights (3am Edition),Lavender Haze,0,Meet me at midnight,1
Midnights (3am Edition),Lavender Haze,0,Staring at the ceiling with you,2
Midnights (3am Edition),Lavender Haze,0,Oh, you don't ever say too much,3
Midnights (3am Edition),Lavender Haze,0,And you don't really read into,4
Midnights (3am Edition),Lavender Haze,0,My melancholia,5
Midnights (3am Edition),Lavender Haze,0,I been under scrutiny,6
Midnights (3am Edition),Lavender Haze,0,You handle it beautifully,7
Midnights (3am Edition),Lavender Haze,0,All this shit is new to me,8
Midnights (3am Edition),Lavender Haze,0,I feel the lavender haze creeping up on me,9
Midnights (3am Edition),Lavender Haze,0,Surreal,10
Midnights (3am Edition),Lavender Haze,0,I'm damned if I do give a damn what people say,11
Midnights (3am Edition),Lavender Haze,0,No deal,12
Midnights (3am Edition),Lavender Haze,0,The 1950s shit they want from me,13
Midnights (3am Edition),Lavender Haze,0,I just wanna stay in that lavender haze,14
Midnights (3am Edition),Lavender Haze,0,All they keep asking me,15
Midnights (3am Edition),Lavender Haze,0,Is if I'm gonna be your bride,16
Midnights (3am Edition),Lavender Haze,0,The only kinda girl they see,17
Midnights (3am Edition),Lavender Haze,0,Is a one-night or a wife,18
Midnights (3am Edition),Lavender Haze,0,I find it dizzying,19
Midnights (3am Edition),Lavender Haze,0,They're bringing up my history,20
Midnights (3am Edition),Lavender Haze,0,But you weren't even listening,21
Midnights (3am Edition),Lavender Haze,0,I feel the lavender haze creepin' up on me,22
Midnights (3am Edition),Lavender Haze,0,Surreal,23
Midnights (3am Edition),Lavender Haze,0,I'm damned if I do give a damn what people say,24
Midnights (3am Edition),Lavender Haze,0,No deal,25
Midnights (3am Edition),Lavender Haze,0,The 1950s shit they want from me,26
Midnights (3am Edition),Lavender Haze,0,I just wanna stay in that lavender haze,27
Midnights (3am Edition),Lavender Haze,0,You might also like,28
Midnights (3am Edition),Lavender Haze,0,That lavender haze,29
Midnights (3am Edition),Lavender Haze,0,Talk your talk and go viral,30
Midnights (3am Edition),Lavender Haze,0,I just need this love spiral,31
Midnights (3am Edition),Lavender Haze,0,Get it off your chest,32
Midnights (3am Edition),Lavender Haze,0,Get it off my desk,33
Midnights (3am Edition),Lavender Haze,0,Talk your talk and go viral,34
Midnights (3am Edition),Lavender Haze,0,I just need this love spiral,35
Midnights (3am Edition),Lavender Haze,0,Get it off your chest,36
Midnights (3am Edition),Lavender Haze,0,Get it off my desk,37
Midnights (3am Edition),Lavender Haze,0,I feel , the lavender haze creeping up on me,38
Midnights (3am Edition),Lavender Haze,0,Surreal,39
Midnights (3am Edition),Lavender Haze,0,I'm damned if I do give a damn what people say,40
Midnights (3am Edition),Lavender Haze,0,No deal,41
Midnights (3am Edition),Lavender Haze,0,The 1950s shit they want from me,42
Midnights (3am Edition),Lavender Haze,0,I just wanna stay in that lavender haze,43
Midnights (3am Edition),Lavender Haze,0,Get it off your chest,44
Midnights (3am Edition),Lavender Haze,0,Get it off my desk,45
Midnights (3am Edition),Lavender Haze,0,That lavender haze,46
Midnights (3am Edition),Lavender Haze,0,I just wanna stay,47
Midnights (3am Edition),Lavender Haze,0,I just wanna stay in that lavender haze,48
Midnights (3am Edition),Maroon,1,When the morning came,1
Midnights (3am Edition),Maroon,1,We were cleaning incense off your vinyl shelf,2
Midnights (3am Edition),Maroon,1,'Cause we lost track of time again,3
Midnights (3am Edition),Maroon,1,Laughing with my feet in your lap,4
Midnights (3am Edition),Maroon,1,Like you were my closest friend,5
Midnights (3am Edition),Maroon,1,"How'd we end up on the floor, anyway?" you say,6
Midnights (3am Edition),Maroon,1,"Your roommate's cheap-ass screw-top rosé, that's how",7
Midnights (3am Edition),Maroon,1,I see you every day now,8
Midnights (3am Edition),Maroon,1,And I chose you,9
Midnights (3am Edition),Maroon,1,The one I was dancing with,10
Midnights (3am Edition),Maroon,1,In New York, no shoes,11
Midnights (3am Edition),Maroon,1,Looked up at the sky and it was,12
Midnights (3am Edition),Maroon,1,The burgundy on my t-shirt,13
Midnights (3am Edition),Maroon,1,When you splashed your wine into me,14
Midnights (3am Edition),Maroon,1,And how the blood rushed into my cheeks,15
Midnights (3am Edition),Maroon,1,So scarlet, it was,16
Midnights (3am Edition),Maroon,1,The mark thеy saw on my collarbone,17
Midnights (3am Edition),Maroon,1,The rust that grew bеtween telephones,18
Midnights (3am Edition),Maroon,1,The lips I used to call home,19
Midnights (3am Edition),Maroon,1,So scarlet, it was maroon,20
Midnights (3am Edition),Maroon,1,When the silence came,21
Midnights (3am Edition),Maroon,1,We were shaking, blind and hazy,22
Midnights (3am Edition),Maroon,1,How the hell did we lose sight of us again?,23
Midnights (3am Edition),Maroon,1,Sobbing with your head in your hands,24
Midnights (3am Edition),Maroon,1,Ain't that the way shit always ends?,25
Midnights (3am Edition),Maroon,1,You were standing hollow-eyed in the hallway,26
Midnights (3am Edition),Maroon,1,Carnations you had thought were roses, that's us,27
Midnights (3am Edition),Maroon,1,I feel you, no matter what,28
Midnights (3am Edition),Maroon,1,The rubies that I gave up,29
Midnights (3am Edition),Maroon,1,And I lost you,30
Midnights (3am Edition),Maroon,1,The one I was dancing with,31
Midnights (3am Edition),Maroon,1,In New York, no shoes,32
Midnights (3am Edition),Maroon,1,Looked up at the sky and it was,33
Midnights (3am Edition),Maroon,1,The burgundy on my t-shirt,34
Midnights (3am Edition),Maroon,1,When you splashed your wine into me,35
Midnights (3am Edition),Maroon,1,And how the blood rushed into my cheeks,36
Midnights (3am Edition),Maroon,1,So scarlet, it was,37
Midnights (3am Edition),Maroon,1,The mark they saw on my collarbone,38
Midnights (3am Edition),Maroon,1,The rust that grew between telephones,39
Midnights (3am Edition),Maroon,1,The lips I used to call home,40
Midnights (3am Edition),Maroon,1,So scarlet, it was maroon,41
Midnights (3am Edition),Maroon,1,And I wake with your memory over me,42
Midnights (3am Edition),Maroon,1,That's a real fucking legacy, legacy,43
Midnights (3am Edition),Maroon,1,And I wake with your memory over me,44
Midnights (3am Edition),Maroon,1,That's a real fucking legacy to leave,45
Midnights (3am Edition),Maroon,1,You might also like,46
Midnights (3am Edition),Maroon,1,The burgundy on my t-shirt,47
Midnights (3am Edition),Maroon,1,When you splashed your wine into me,48
Midnights (3am Edition),Maroon,1,And how the blood rushed into my cheeks,49
Midnights (3am Edition),Maroon,1,So scarlet, it was maroon,50
Midnights (3am Edition),Maroon,1,The mark they saw on my collarbone,51
Midnights (3am Edition),Maroon,1,The rust that grew between telephones,52
Midnights (3am Edition),Maroon,1,The lips I used to call home,53
Midnights (3am Edition),Maroon,1,So scarlet, it was maroon,54
Midnights (3am Edition),Maroon,1,It was maroon,55
Midnights (3am Edition),Maroon,1,It was maroon,56
Midnights (3am Edition),Anti-Hero,2,I have this thing where I get older, but just never wiser,1
Midnights (3am Edition),Anti-Hero,2,Midnights become my afternoons,2
Midnights (3am Edition),Anti-Hero,2,When my depression works the graveyard shift, all of the people,3
Midnights (3am Edition),Anti-Hero,2,I've ghosted stand there in the room,4
Midnights (3am Edition),Anti-Hero,2,I should not be left to my own devices,5
Midnights (3am Edition),Anti-Hero,2,They come with prices and vices,6
Midnights (3am Edition),Anti-Hero,2,I end up in crisis,7
Midnights (3am Edition),Anti-Hero,2,I wake up screaming from dreaming,8
Midnights (3am Edition),Anti-Hero,2,One day, I'll watch as you're leaving,9
Midnights (3am Edition),Anti-Hero,2,'Cause you got tired of my scheming,10
Midnights (3am Edition),Anti-Hero,2,It's me, hi,11
Midnights (3am Edition),Anti-Hero,2,I'm the problem, it's me,12
Midnights (3am Edition),Anti-Hero,2,At teatime, everybody agrees,13
Midnights (3am Edition),Anti-Hero,2,I'll stare directly at the sun, but never in the mirror,14
Midnights (3am Edition),Anti-Hero,2,It must be exhausting always rooting for the anti-hero,15
Midnights (3am Edition),Anti-Hero,2,Sometimes, I feel like everybody is a sexy baby,16
Midnights (3am Edition),Anti-Hero,2,And I'm a monster on the hill,17
Midnights (3am Edition),Anti-Hero,2,Too big to hang out, slowly lurching toward your favorite city,18
Midnights (3am Edition),Anti-Hero,2,Pierced through the heart, but never killed,19
Midnights (3am Edition),Anti-Hero,2,Did you hear my covert narcissism I disguise as altruism,20
Midnights (3am Edition),Anti-Hero,2,Like some kind of congressman?,21
Midnights (3am Edition),Anti-Hero,2,I wake up screaming from dreaming,22
Midnights (3am Edition),Anti-Hero,2,One day, I'll watch as you're leaving,23
Midnights (3am Edition),Anti-Hero,2,And life will lose all its meaning,24
Midnights (3am Edition),Anti-Hero,2,It's me, hi,25
Midnights (3am Edition),Anti-Hero,2,I'm the problem, it's me,26
Midnights (3am Edition),Anti-Hero,2,At teatime, everybody agrees,27
Midnights (3am Edition),Anti-Hero,2,I'll stare directly at the sun, but never in the mirror,28
Midnights (3am Edition),Anti-Hero,2,It must be exhausting always rooting for the anti-hero,29
Midnights (3am Edition),Anti-Hero,2,You might also like,30
Midnights (3am Edition),Anti-Hero,2,I have this dream my daughter-in-law kills me for the money,31
Midnights (3am Edition),Anti-Hero,2,She thinks I left them in the will,32
Midnights (3am Edition),Anti-Hero,2,The family gathers 'round and reads it and then someone screams out,33
Midnights (3am Edition),Anti-Hero,2,"She's laughing up at us from Hell",34
Midnights (3am Edition),Anti-Hero,2,It's me, hi,35
Midnights (3am Edition),Anti-Hero,2,I'm the problem, it's me,36
Midnights (3am Edition),Anti-Hero,2,It's me, hi,37
Midnights (3am Edition),Anti-Hero,2,I'm the problem, it's me,38
Midnights (3am Edition),Anti-Hero,2,It's me, hi,39
Midnights (3am Edition),Anti-Hero,2,Everybody agrees, everybody agrees,40
Midnights (3am Edition),Anti-Hero,2,It's me, hi,41
Midnights (3am Edition),Anti-Hero,2,I'm the problem, it's me,42
Midnights (3am Edition),Anti-Hero,2,At teatime , everybody agrees,43
Midnights (3am Edition),Anti-Hero,2,I'll stare directly at the sun, but never in the mirror,44
Midnights (3am Edition),Anti-Hero,2,It must be exhausting always rooting for the anti-hero,45
Midnights (3am Edition),Snow On the Beach,3,One night, a few moons ago,1
Midnights (3am Edition),Snow On the Beach,3,I saw flecks of what could've been lights,2
Midnights (3am Edition),Snow On the Beach,3,But it might just have been you,3
Midnights (3am Edition),Snow On the Beach,3,Passing by unbeknownst to me,4
Midnights (3am Edition),Snow On the Beach,3,Life is emotionally abusive,5
Midnights (3am Edition),Snow On the Beach,3,And time can't stop me quite like you did,6
Midnights (3am Edition),Snow On the Beach,3,And my flight was awful, thanks for asking,7
Midnights (3am Edition),Snow On the Beach,3,I'm unglued, thanks to you,8
Midnights (3am Edition),Snow On the Beach,3,And it's like snow at the beach,9
Midnights (3am Edition),Snow On the Beach,3,Weird, but fuckin' beautiful,10
Midnights (3am Edition),Snow On the Beach,3,Flying in a dream,11
Midnights (3am Edition),Snow On the Beach,3,Stars by the pocketful,12
Midnights (3am Edition),Snow On the Beach,3,You wanting me,13
Midnights (3am Edition),Snow On the Beach,3,Tonight feels impossible,14
Midnights (3am Edition),Snow On the Beach,3,But it's comin' down,15
Midnights (3am Edition),Snow On the Beach,3,No sound, it's all around,16
Midnights (3am Edition),Snow On the Beach,3,Like snow on the beach,17
Midnights (3am Edition),Snow On the Beach,3,Like snow on the beach,18
Midnights (3am Edition),Snow On the Beach,3,Like snow on the beach,19
Midnights (3am Edition),Snow On the Beach,3,Like snow, ah,20
Midnights (3am Edition),Snow On the Beach,3,This scene feels like what I once saw on a screen,21
Midnights (3am Edition),Snow On the Beach,3,I searched "aurora borealis green",22
Midnights (3am Edition),Snow On the Beach,3,I've never seen someone lit from within,23
Midnights (3am Edition),Snow On the Beach,3,Blurring out my periphery,24
Midnights (3am Edition),Snow On the Beach,3,My smile is like I won a contest,25
Midnights (3am Edition),Snow On the Beach,3,And to hide that would be so dishonest,26
Midnights (3am Edition),Snow On the Beach,3,And it's fine to fake it 'til you make it,27
Midnights (3am Edition),Snow On the Beach,3,'Til you do, 'til it's true,28
Midnights (3am Edition),Snow On the Beach,3,Now it's like snow at the beach,29
Midnights (3am Edition),Snow On the Beach,3,Weird, but fuckin' beautiful,30
Midnights (3am Edition),Snow On the Beach,3,Flying in a dream,31
Midnights (3am Edition),Snow On the Beach,3,Stars by the pocketful,32
Midnights (3am Edition),Snow On the Beach,3,You wanting me,33
Midnights (3am Edition),Snow On the Beach,3,Tonight feels impossible,34
Midnights (3am Edition),Snow On the Beach,3,But it's comin' down,35
Midnights (3am Edition),Snow On the Beach,3,No sound, it's all around,36
Midnights (3am Edition),Snow On the Beach,3,You might also like,37
Midnights (3am Edition),Snow On the Beach,3,Like snow on the beach,38
Midnights (3am Edition),Snow On the Beach,3,Like snow on the beach,39
Midnights (3am Edition),Snow On the Beach,3,Like snow on the beach,40
Midnights (3am Edition),Snow On the Beach,3,Like snow, ah,41
Midnights (3am Edition),Snow On the Beach,3,I  can't  speak, afraid to jinx it,42
Midnights (3am Edition),Snow On the Beach,3,I  don't  even dare to wish it,43
Midnights (3am Edition),Snow On the Beach,3,But your eyes are flying saucers from another planet,44
Midnights (3am Edition),Snow On the Beach,3,Now I'm all for you like Janet,45
Midnights (3am Edition),Snow On the Beach,3,Can this be a real thing? Can it?,46
Midnights (3am Edition),Snow On the Beach,3,Are we falling like snow at the beach?,47
Midnights (3am Edition),Snow On the Beach,3,Weird, but fuckin' beautiful,48
Midnights (3am Edition),Snow On the Beach,3,Flying in a dream,49
Midnights (3am Edition),Snow On the Beach,3,Stars by the pocketful,50
Midnights (3am Edition),Snow On the Beach,3,You wanting me,51
Midnights (3am Edition),Snow On the Beach,3,Tonight feels impossible,52
Midnights (3am Edition),Snow On the Beach,3,But it's comin' down,53
Midnights (3am Edition),Snow On the Beach,3,No sound, it's all around,54
Midnights (3am Edition),Snow On the Beach,3,Like snow on the beach,55
Midnights (3am Edition),Snow On the Beach,3,Like snow on the beach,56
Midnights (3am Edition),Snow On the Beach,3,Like snow on the beach,57
Midnights (3am Edition),Snow On the Beach,3,Like snow, ah,58
Midnights (3am Edition),Snow On the Beach,3,But it's comin' down,59
Midnights (3am Edition),Snow On the Beach,3,No sound, it's all around,60
Midnights (3am Edition),Snow On the Beach,3,Like snow on the beach,61
Midnights (3am Edition),Snow On the Beach,3,Like snow on the beach,62
Midnights (3am Edition),You’re On Your Own, Kid,4,Summer went away, still, the yearning stays,1
Midnights (3am Edition),You’re On Your Own, Kid,4,I play it cool with the best of them,2
Midnights (3am Edition),You’re On Your Own, Kid,4,I wait patiently, he's gonna notice me,3
Midnights (3am Edition),You’re On Your Own, Kid,4,It's okay, we're the best of friends,4
Midnights (3am Edition),You’re On Your Own, Kid,4,Anyway,5
Midnights (3am Edition),You’re On Your Own, Kid,4,I hear it in your voice, you're smoking with your boys,6
Midnights (3am Edition),You’re On Your Own, Kid,4,I touch my phone as if it's your face,7
Midnights (3am Edition),You’re On Your Own, Kid,4,I didn't choose this town, I dream of getting out,8
Midnights (3am Edition),You’re On Your Own, Kid,4,There's just one who could make me stay,9
Midnights (3am Edition),You’re On Your Own, Kid,4,All my days,10
Midnights (3am Edition),You’re On Your Own, Kid,4,From sprinkler splashes to fireplace ashes,11
Midnights (3am Edition),You’re On Your Own, Kid,4,I waited ages to see you there,12
Midnights (3am Edition),You’re On Your Own, Kid,4,I search the party of better bodies,13
Midnights (3am Edition),You’re On Your Own, Kid,4,Just to learn that you never cared,14
Midnights (3am Edition),You’re On Your Own, Kid,4,You're on your own, kid,15
Midnights (3am Edition),You’re On Your Own, Kid,4,You always have been,16
Midnights (3am Edition),You’re On Your Own, Kid,4,I see the great escape, so long, Daisy May,17
Midnights (3am Edition),You’re On Your Own, Kid,4,I picked the petals, he loves me not,18
Midnights (3am Edition),You’re On Your Own, Kid,4,Something different bloomed, writing in my room,19
Midnights (3am Edition),You’re On Your Own, Kid,4,I play my songs in the parking lot,20
Midnights (3am Edition),You’re On Your Own, Kid,4,I'll run away,21
Midnights (3am Edition),You’re On Your Own, Kid,4,From sprinkler splashes to fireplace ashes,22
Midnights (3am Edition),You’re On Your Own, Kid,4,I called a taxi to take me there,23
Midnights (3am Edition),You’re On Your Own, Kid,4,I search the party of better bodies,24
Midnights (3am Edition),You’re On Your Own, Kid,4,Just to learn that my dreams aren't rare,25
Midnights (3am Edition),You’re On Your Own, Kid,4,You're on your own, kid,26
Midnights (3am Edition),You’re On Your Own, Kid,4,You always have been,27
Midnights (3am Edition),You’re On Your Own, Kid,4,You might also like,28
Midnights (3am Edition),You’re On Your Own, Kid,4,From sprinkler splashes to fireplace ashes,29
Midnights (3am Edition),You’re On Your Own, Kid,4,I gave my blood, sweat, and tears for this,30
Midnights (3am Edition),You’re On Your Own, Kid,4,I hosted parties and starved my body,31
Midnights (3am Edition),You’re On Your Own, Kid,4,Like I'd be saved by a perfect kiss,32
Midnights (3am Edition),You’re On Your Own, Kid,4,The jokes weren't funny, I took the money,33
Midnights (3am Edition),You’re On Your Own, Kid,4,My friends from home don't know what to say,34
Midnights (3am Edition),You’re On Your Own, Kid,4,I looked around in a blood-soaked gown,35
Midnights (3am Edition),You’re On Your Own, Kid,4,And I saw something they can't take away,36
Midnights (3am Edition),You’re On Your Own, Kid,4,'Cause there were pages turned with the bridges burned,37
Midnights (3am Edition),You’re On Your Own, Kid,4,Everything you lose is a step you take,38
Midnights (3am Edition),You’re On Your Own, Kid,4,So, make the friendship bracelets, take the moment and taste it,39
Midnights (3am Edition),You’re On Your Own, Kid,4,You've got no reason to be afraid,40
Midnights (3am Edition),You’re On Your Own, Kid,4,You're on your own, kid,41
Midnights (3am Edition),You’re On Your Own, Kid,4,Yeah, you can face this,42
Midnights (3am Edition),You’re On Your Own, Kid,4,You're on your own, kid,43
Midnights (3am Edition),You’re On Your Own, Kid,4,You always have been,44
Midnights (3am Edition),Midnight Rain,5,Rain,1
Midnights (3am Edition),Midnight Rain,5,He wanted it comfortable, I wanted that pain,2
Midnights (3am Edition),Midnight Rain,5,He wanted a bride, I was making my own name,3
Midnights (3am Edition),Midnight Rain,5,Chasing that fame, he stayed the same,4
Midnights (3am Edition),Midnight Rain,5,All of me changed like midnight,5
Midnights (3am Edition),Midnight Rain,5,My town was a wasteland,6
Midnights (3am Edition),Midnight Rain,5,Full of cages, full of fences,7
Midnights (3am Edition),Midnight Rain,5,Pageant queens and big pretenders,8
Midnights (3am Edition),Midnight Rain,5,But for some, it was paradise,9
Midnights (3am Edition),Midnight Rain,5,My boy was a montage,10
Midnights (3am Edition),Midnight Rain,5,A slow-motion, love potion,11
Midnights (3am Edition),Midnight Rain,5,Jumping off things in the ocean,12
Midnights (3am Edition),Midnight Rain,5,I broke his heart 'cause he was nice,13
Midnights (3am Edition),Midnight Rain,5,He was sunshine, I was midnight rain,14
Midnights (3am Edition),Midnight Rain,5,He wanted it comfortable, I wanted that pain,15
Midnights (3am Edition),Midnight Rain,5,He wanted a bride, I was making my own name,16
Midnights (3am Edition),Midnight Rain,5,Chasing that fame, he stayed the same,17
Midnights (3am Edition),Midnight Rain,5,All of me changed like midnight,18
Midnights (3am Edition),Midnight Rain,5,It came like a postcard,19
Midnights (3am Edition),Midnight Rain,5,Picture perfect shiny family,20
Midnights (3am Edition),Midnight Rain,5,Holiday peppermint candy,21
Midnights (3am Edition),Midnight Rain,5,But for him, it's every day,22
Midnights (3am Edition),Midnight Rain,5,So I peered through a window,23
Midnights (3am Edition),Midnight Rain,5,A deep portal, time travel,24
Midnights (3am Edition),Midnight Rain,5,All the love we unravel,25
Midnights (3am Edition),Midnight Rain,5,And the life I gave away,26
Midnights (3am Edition),Midnight Rain,5,'Cause he was sunshine, I was midnight rain,27
Midnights (3am Edition),Midnight Rain,5,He wanted it comfortable, I wanted that pain,28
Midnights (3am Edition),Midnight Rain,5,He wanted a bride, I was making my own name,29
Midnights (3am Edition),Midnight Rain,5,Chasing that fame, he stayed the same,30
Midnights (3am Edition),Midnight Rain,5,All of me changed like midnight rain,31
Midnights (3am Edition),Midnight Rain,5,He wanted it comfortable, I wanted that pain,32
Midnights (3am Edition),Midnight Rain,5,He wanted a bride, I was making my own name,33
Midnights (3am Edition),Midnight Rain,5,Chasing that fame, he stayed the same,34
Midnights (3am Edition),Midnight Rain,5,All of me changed like midnight,35
Midnights (3am Edition),Midnight Rain,5,You might also like,36
Midnights (3am Edition),Midnight Rain,5,I guess sometimes we all get,37
Midnights (3am Edition),Midnight Rain,5,Just what we wanted, just what we wanted,38
Midnights (3am Edition),Midnight Rain,5,And he never thinks of me,39
Midnights (3am Edition),Midnight Rain,5,Except for when I'm on TV,40
Midnights (3am Edition),Midnight Rain,5,I guess sometimes we all get,41
Midnights (3am Edition),Midnight Rain,5,Some kind of haunted, some kind of haunted,42
Midnights (3am Edition),Midnight Rain,5,And I never think of him,43
Midnights (3am Edition),Midnight Rain,5,Except on midnights like this,44
Midnights (3am Edition),Question...?,6,TranslationsEspañolPortuguêsTürkçeFrançais中文СрпскиItalianoMagyarQuestion...? Lyrics,1
Midnights (3am Edition),Question...?,6,I remember,2
Midnights (3am Edition),Question...?,6,Good girl, sad boy,3
Midnights (3am Edition),Question...?,6,Big city, wrong choices,4
Midnights (3am Edition),Question...?,6,We had one thing goin' on,5
Midnights (3am Edition),Question...?,6,I swear that it was somethin',6
Midnights (3am Edition),Question...?,6,'Cause I don't remember who I was,7
Midnights (3am Edition),Question...?,6,Before you painted all my nights,8
Midnights (3am Edition),Question...?,6,A color I've searched for since,9
Midnights (3am Edition),Question...?,6,But one thing after another,10
Midnights (3am Edition),Question...?,6,Fuckin' situations, circumstances,11
Midnights (3am Edition),Question...?,6,Miscommunications, and I,12
Midnights (3am Edition),Question...?,6,Have to say, by the way,13
Midnights (3am Edition),Question...?,6,I just may like some explanations,14
Midnights (3am Edition),Question...?,6,Can I ask you a question?,15
Midnights (3am Edition),Question...?,6,Did you ever have someone kiss you in a crowded room,16
Midnights (3am Edition),Question...?,6,And every single one of your friends was makin' fun of you,17
Midnights (3am Edition),Question...?,6,But fifteen seconds later, thеy were clappin' too?,18
Midnights (3am Edition),Question...?,6,Then what did you do?,19
Midnights (3am Edition),Question...?,6,Did you lеave her house in the middle of the night? Oh,20
Midnights (3am Edition),Question...?,6,Did you wish you'd put up more of a fight, oh,21
Midnights (3am Edition),Question...?,6,When she said it was too much?,22
Midnights (3am Edition),Question...?,6,Do you wish you could still touch her?,23
Midnights (3am Edition),Question...?,6,It's just a question,24
Midnights (3am Edition),Question...?,6,Half-moon eyes, bad surprise,25
Midnights (3am Edition),Question...?,6,Did you realize out of time?,26
Midnights (3am Edition),Question...?,6,She was on your mind with some dickhead guy,27
Midnights (3am Edition),Question...?,6,That you saw that night,28
Midnights (3am Edition),Question...?,6,But you were on somethin',29
Midnights (3am Edition),Question...?,6,It was one drink after another,30
Midnights (3am Edition),Question...?,6,Fuckin' politics and gender roles,31
Midnights (3am Edition),Question...?,6,And you're not sure and I don't know,32
Midnights (3am Edition),Question...?,6,Got swept away in the gray,33
Midnights (3am Edition),Question...?,6,I just may like to have a conversation,34
Midnights (3am Edition),Question...?,6,Can I ask you a question?,35
Midnights (3am Edition),Question...?,6,Did you ever have someone kiss you in a crowded room,36
Midnights (3am Edition),Question...?,6,And every single one of your friends was makin' fun of you,37
Midnights (3am Edition),Question...?,6,But fifteen seconds later, they were clappin' too?,38
Midnights (3am Edition),Question...?,6,Then what did you do?,39
Midnights (3am Edition),Question...?,6,Did you leave her house in the middle of the night? Oh,40
Midnights (3am Edition),Question...?,6,Did you wish you'd put up more of a fight, oh,41
Midnights (3am Edition),Question...?,6,When she said it was too much?,42
Midnights (3am Edition),Question...?,6,Do you wish you could still touch her?,43
Midnights (3am Edition),Question...?,6,It's just a question,44
Midnights (3am Edition),Question...?,6,You might also like,45
Midnights (3am Edition),Question...?,6,Does it feel like everything's just like,46
Midnights (3am Edition),Question...?,6,Second best after that meteor strike?,47
Midnights (3am Edition),Question...?,6,And what's that that I heard? That you're still with her?,48
Midnights (3am Edition),Question...?,6,That's nice, I'm sure that's what's suitable,49
Midnights (3am Edition),Question...?,6,And right, but tonight,50
Midnights (3am Edition),Question...?,6,Can I ask you a question?,51
Midnights (3am Edition),Question...?,6,Did you ever have someone kiss you in a crowded room,52
Midnights (3am Edition),Question...?,6,And every single one of your friends was makin' fun of you,53
Midnights (3am Edition),Question...?,6,But fifteen seconds later, they were clappin' too?,54
Midnights (3am Edition),Question...?,6,Then what did you do?,55
Midnights (3am Edition),Question...?,6,Did you leave her house in the middle of the night? Oh,56
Midnights (3am Edition),Question...?,6,Did you wish you'd put up more of a fight, oh,57
Midnights (3am Edition),Question...?,6,When she said it was too much?,58
Midnights (3am Edition),Question...?,6,Do you wish you could still touch her?,59
Midnights (3am Edition),Question...?,6,It's just a question,60
Midnights (3am Edition),Vigilante Shit,7,Draw the cat eye sharp enough to kill a man,1
Midnights (3am Edition),Vigilante Shit,7,You did some bad things, but I'm the worst of them,2
Midnights (3am Edition),Vigilante Shit,7,Sometimes I wonder which one'll be your last lie,3
Midnights (3am Edition),Vigilante Shit,7,They say looks can kill and I might try,4
Midnights (3am Edition),Vigilante Shit,7,I don't dress for women,5
Midnights (3am Edition),Vigilante Shit,7,I don't dress for men,6
Midnights (3am Edition),Vigilante Shit,7,Lately, I've been dressin' for revenge,7
Midnights (3am Edition),Vigilante Shit,7,I don't start shit, but I can tell you how it ends,8
Midnights (3am Edition),Vigilante Shit,7,Don't get sad, get even,9
Midnights (3am Edition),Vigilante Shit,7,So on the weekends,10
Midnights (3am Edition),Vigilante Shit,7,I don't dress for friends,11
Midnights (3am Edition),Vigilante Shit,7,Lately, I've been dressin' for revenge,12
Midnights (3am Edition),Vigilante Shit,7,She needed cold, hard proof, so I gave her some,13
Midnights (3am Edition),Vigilante Shit,7,She had the envelope, where you think she got it from?,14
Midnights (3am Edition),Vigilante Shit,7,Now she gets the house, gets the kids, gets the pride,15
Midnights (3am Edition),Vigilante Shit,7,Picture me thick as thieves with your ex-wife,16
Midnights (3am Edition),Vigilante Shit,7,And she looks so pretty,17
Midnights (3am Edition),Vigilante Shit,7,Drivin' in your Benz,18
Midnights (3am Edition),Vigilante Shit,7,Lately, she's been dressin' for revenge,19
Midnights (3am Edition),Vigilante Shit,7,She don't start shit, but she can tell you how it ends,20
Midnights (3am Edition),Vigilante Shit,7,Don't get sad, get even,21
Midnights (3am Edition),Vigilante Shit,7,So on the weekends,22
Midnights (3am Edition),Vigilante Shit,7,She don't dress for friends,23
Midnights (3am Edition),Vigilante Shit,7,Lately, she's been dressing for revenge,24
Midnights (3am Edition),Vigilante Shit,7,Ladies always rise above,25
Midnights (3am Edition),Vigilante Shit,7,Ladies know what people want,26
Midnights (3am Edition),Vigilante Shit,7,Someone sweet and kind and fun,27
Midnights (3am Edition),Vigilante Shit,7,The lady simply had enough,28
Midnights (3am Edition),Vigilante Shit,7,While he was doin' lines and crossin' all of mine,29
Midnights (3am Edition),Vigilante Shit,7,Someone told his white-collar crimes to the FBI,30
Midnights (3am Edition),Vigilante Shit,7,And I don't dress for villains,31
Midnights (3am Edition),Vigilante Shit,7,Or for innocents,32
Midnights (3am Edition),Vigilante Shit,7,I'm on my vigilante shit again,33
Midnights (3am Edition),Vigilante Shit,7,You might also like,34
Midnights (3am Edition),Vigilante Shit,7,I don't start shit, but I can tell you how it ends,35
Midnights (3am Edition),Vigilante Shit,7,Don't get sad, get even,36
Midnights (3am Edition),Vigilante Shit,7,So on the weekends,37
Midnights (3am Edition),Vigilante Shit,7,I don't dress for friends,38
Midnights (3am Edition),Vigilante Shit,7,Lately, I've been dressin' for revenge,39
Midnights (3am Edition),Bejeweled,8,Baby love, I think I've been a little too kind,1
Midnights (3am Edition),Bejeweled,8,Didn't notice you walkin' all over my peace of mind,2
Midnights (3am Edition),Bejeweled,8,In the shoes I gave you as a present,3
Midnights (3am Edition),Bejeweled,8,Puttin' someone first only works when you're in their top five,4
Midnights (3am Edition),Bejeweled,8,And by the way, I'm goin' out tonight,5
Midnights (3am Edition),Bejeweled,8,Best believe I'm still bejeweled,6
Midnights (3am Edition),Bejeweled,8,When I walk in the room,7
Midnights (3am Edition),Bejeweled,8,I can still make the whole place shimmer,8
Midnights (3am Edition),Bejeweled,8,And when I meet the band,9
Midnights (3am Edition),Bejeweled,8,They ask, "Do you have a man?",10
Midnights (3am Edition),Bejeweled,8,I could still say, "I don't remember",11
Midnights (3am Edition),Bejeweled,8,Familiarity breeds contempt,12
Midnights (3am Edition),Bejeweled,8,Don't put mе in the basement,13
Midnights (3am Edition),Bejeweled,8,Whеn I want the penthouse of your heart,14
Midnights (3am Edition),Bejeweled,8,Diamonds in my eyes,15
Midnights (3am Edition),Bejeweled,8,I polish up real, I polish up real nice,16
Midnights (3am Edition),Bejeweled,8,Nice,17
Midnights (3am Edition),Bejeweled,8,Baby boy, I think I've been too good of a girl,18
Midnights (3am Edition),Bejeweled,8,Did all the extra credit, then got graded on a curve,19
Midnights (3am Edition),Bejeweled,8,I think it's time to teach some lessons,20
Midnights (3am Edition),Bejeweled,8,I made you my world , have you heard?,21
Midnights (3am Edition),Bejeweled,8,I can reclaim the land,22
Midnights (3am Edition),Bejeweled,8,And I miss you , but I miss sparklin',23
Midnights (3am Edition),Bejeweled,8,Best believe I'm still bejeweled,24
Midnights (3am Edition),Bejeweled,8,When I walk in the room,25
Midnights (3am Edition),Bejeweled,8,I can still make the whole place shimmer,26
Midnights (3am Edition),Bejeweled,8,And when I meet the band,27
Midnights (3am Edition),Bejeweled,8,They ask, "Do you have a man?",28
Midnights (3am Edition),Bejeweled,8,I could still say, "I don't remember",29
Midnights (3am Edition),Bejeweled,8,Familiarity breeds contempt,30
Midnights (3am Edition),Bejeweled,8,Don't put me in the basement,31
Midnights (3am Edition),Bejeweled,8,When I want the penthouse of your heart,32
Midnights (3am Edition),Bejeweled,8,Diamonds in my eyes,33
Midnights (3am Edition),Bejeweled,8,I polish up real, I polish up real nice,34
Midnights (3am Edition),Bejeweled,8,Nice,35
Midnights (3am Edition),Bejeweled,8,You might also like,36
Midnights (3am Edition),Bejeweled,8,Sapphire tears on my face,37
Midnights (3am Edition),Bejeweled,8,Sadness became my whole sky,38
Midnights (3am Edition),Bejeweled,8,But some guy said my aura's moonstone,39
Midnights (3am Edition),Bejeweled,8,Just 'cause he was high,40
Midnights (3am Edition),Bejeweled,8,And we're dancin' all night,41
Midnights (3am Edition),Bejeweled,8,And you can try to change my mind,42
Midnights (3am Edition),Bejeweled,8,But you might have to wait in line,43
Midnights (3am Edition),Bejeweled,8,What's a girl gonna do?,44
Midnights (3am Edition),Bejeweled,8,A diamond's gotta shine,45
Midnights (3am Edition),Bejeweled,8,Best believe I'm still bejeweled,46
Midnights (3am Edition),Bejeweled,8,When I walk in the room,47
Midnights (3am Edition),Bejeweled,8,I can still make the whole place shimmer,48
Midnights (3am Edition),Bejeweled,8,And when I meet the band,49
Midnights (3am Edition),Bejeweled,8,They ask, "Do you have a man?",50
Midnights (3am Edition),Bejeweled,8,I could still say, "I don't remember",51
Midnights (3am Edition),Bejeweled,8,Familiarity breeds contempt,52
Midnights (3am Edition),Bejeweled,8,Don't put me in the basement,53
Midnights (3am Edition),Bejeweled,8,When I want the penthouse of your heart,54
Midnights (3am Edition),Bejeweled,8,Diamonds in my eyes,55
Midnights (3am Edition),Bejeweled,8,I polish up real , I polish up real nice,56
Midnights (3am Edition),Bejeweled,8,And we're dancin' all night,57
Midnights (3am Edition),Bejeweled,8,And you can try to change my mind,58
Midnights (3am Edition),Bejeweled,8,But you might have to wait in line,59
Midnights (3am Edition),Bejeweled,8,What's a girl gonna do? What's a girl gonna do?,60
Midnights (3am Edition),Bejeweled,8,I polish up nice,61
Midnights (3am Edition),Bejeweled,8,Best believe I'm still bejeweled,62
Midnights (3am Edition),Bejeweled,8,When I walk in the room,63
Midnights (3am Edition),Bejeweled,8,I can still make the whole place shimmer,64
Midnights (3am Edition),Labyrinth,9,"It only hurts this much right now",1
Midnights (3am Edition),Labyrinth,9,Was what I was thinkin' the whole time,2
Midnights (3am Edition),Labyrinth,9,Breathe in, breathe through, breathe deep, breathe out,3
Midnights (3am Edition),Labyrinth,9,I'll be gettin' over you my whole life,4
Midnights (3am Edition),Labyrinth,9,You know how scared I am of elevators,5
Midnights (3am Edition),Labyrinth,9,Never trust it if it rises fast,6
Midnights (3am Edition),Labyrinth,9,It can't last,7
Midnights (3am Edition),Labyrinth,9,Uh-oh, I'm fallin' in love,8
Midnights (3am Edition),Labyrinth,9,Oh no, I'm fallin' in love again,9
Midnights (3am Edition),Labyrinth,9,Oh, I'm fallin' in love,10
Midnights (3am Edition),Labyrinth,9,I thought the plane was goin' down,11
Midnights (3am Edition),Labyrinth,9,How'd you turn it right around?,12
Midnights (3am Edition),Labyrinth,9,It only feels this raw right now,13
Midnights (3am Edition),Labyrinth,9,Lost in the labyrinth of my mind,14
Midnights (3am Edition),Labyrinth,9,Break up, break free, break through, break down,15
Midnights (3am Edition),Labyrinth,9,You would break your back to make me break a smile,16
Midnights (3am Edition),Labyrinth,9,You know how much I hate,17
Midnights (3am Edition),Labyrinth,9,That everybody just expects me to bounce back,18
Midnights (3am Edition),Labyrinth,9,Just like that,19
Midnights (3am Edition),Labyrinth,9,Uh-oh, I'm fallin' in love,20
Midnights (3am Edition),Labyrinth,9,Oh no, I'm fallin' in love again,21
Midnights (3am Edition),Labyrinth,9,Oh, I'm fallin' in love,22
Midnights (3am Edition),Labyrinth,9,I thought the plane was goin' down,23
Midnights (3am Edition),Labyrinth,9,How'd you turn it right around?,24
Midnights (3am Edition),Labyrinth,9,Uh-oh, I'm fallin' in love,25
Midnights (3am Edition),Labyrinth,9,Oh no, I'm fallin' in love again,26
Midnights (3am Edition),Labyrinth,9,Oh, I'm fallin' in love,27
Midnights (3am Edition),Labyrinth,9,I thought the plane was goin' down,28
Midnights (3am Edition),Labyrinth,9,How'd you turn it right around?,29
Midnights (3am Edition),Labyrinth,9,Uh-oh, I'm fallin' in love,30
Midnights (3am Edition),Labyrinth,9,Oh no, I'm fallin' in love again,31
Midnights (3am Edition),Labyrinth,9,Oh, I'm fallin' in love,32
Midnights (3am Edition),Labyrinth,9,I thought the plane was goin' down,33
Midnights (3am Edition),Labyrinth,9,How'd you turn it right around?,34
Midnights (3am Edition),Labyrinth,9,Uh-oh, I'm fallin' in love,35
Midnights (3am Edition),Labyrinth,9,Oh no, I'm fallin' in love again,36
Midnights (3am Edition),Labyrinth,9,Oh, I'm fallin' in love,37
Midnights (3am Edition),Labyrinth,9,I thought the plane was goin' down,38
Midnights (3am Edition),Labyrinth,9,How'd you turn it right around?You might also like,39
Midnights (3am Edition),Karma,10,You're talking shit for the hell of it,1
Midnights (3am Edition),Karma,10,Addicted to betrayal, but you're relevant,2
Midnights (3am Edition),Karma,10,You're terrified to look down,3
Midnights (3am Edition),Karma,10,'Cause if you dare, you'll see the glare,4
Midnights (3am Edition),Karma,10,Of everyone you burned just to get there,5
Midnights (3am Edition),Karma,10,It's coming back around,6
Midnights (3am Edition),Karma,10,And I keep my side of the street clean,7
Midnights (3am Edition),Karma,10,You wouldn't know what I mean,8
Midnights (3am Edition),Karma,10,'Cause karma is my boyfriend,9
Midnights (3am Edition),Karma,10,Karma is a god,10
Midnights (3am Edition),Karma,10,Karma is the breeze in my hair on the weekend,11
Midnights (3am Edition),Karma,10,Karma's a relaxing thought,12
Midnights (3am Edition),Karma,10,Aren't you envious that for you it's not?,13
Midnights (3am Edition),Karma,10,Sweet like honey, karma is a cat,14
Midnights (3am Edition),Karma,10,Purring in my lap 'cause it loves me,15
Midnights (3am Edition),Karma,10,Flexing like a goddamn acrobat,16
Midnights (3am Edition),Karma,10,Me and karma vibe like that,17
Midnights (3am Edition),Karma,10,Spiderboy, king of thieves,18
Midnights (3am Edition),Karma,10,Weave your little webs of opacity,19
Midnights (3am Edition),Karma,10,My pennies made your crown,20
Midnights (3am Edition),Karma,10,Trick me once, trick me twice,21
Midnights (3am Edition),Karma,10,Don't you know that cash ain't the only price?,22
Midnights (3am Edition),Karma,10,It's coming back around,23
Midnights (3am Edition),Karma,10,And I keep my side of the street clean,24
Midnights (3am Edition),Karma,10,You wouldn't know what I mean,25
Midnights (3am Edition),Karma,10,'Cause karma is my boyfriend,26
Midnights (3am Edition),Karma,10,Karma is a god,27
Midnights (3am Edition),Karma,10,Karma is the breeze in my hair on the weekend,28
Midnights (3am Edition),Karma,10,Karma's a relaxing thought,29
Midnights (3am Edition),Karma,10,Aren't you envious that for you it's not?,30
Midnights (3am Edition),Karma,10,Sweet like honey, karma is a cat,31
Midnights (3am Edition),Karma,10,Purring in my lap 'cause it loves me,32
Midnights (3am Edition),Karma,10,Flexing like a goddamn acrobat,33
Midnights (3am Edition),Karma,10,Me and karma vibe like that,34
Midnights (3am Edition),Karma,10,You might also like,35
Midnights (3am Edition),Karma,10,Ask me what I learned from all those years,36
Midnights (3am Edition),Karma,10,Ask me what I earned from all those tears,37
Midnights (3am Edition),Karma,10,Ask me why so many fade, but I'm still here,38
Midnights (3am Edition),Karma,10,'Cause karma is the thunder,39
Midnights (3am Edition),Karma,10,Rattling your ground,40
Midnights (3am Edition),Karma,10,Karma's on your scent like a bounty hunter,41
Midnights (3am Edition),Karma,10,Karma's gonna track you down,42
Midnights (3am Edition),Karma,10,Step by step, from town to town,43
Midnights (3am Edition),Karma,10,Sweet like justice, karma is a queen,44
Midnights (3am Edition),Karma,10,Karma takes all my friends to the summit,45
Midnights (3am Edition),Karma,10,Karma is the guy on the screen,46
Midnights (3am Edition),Karma,10,Coming straight home to me,47
Midnights (3am Edition),Karma,10,'Cause karma is my boyfriend,48
Midnights (3am Edition),Karma,10,Karma is a god,49
Midnights (3am Edition),Karma,10,Karma is the breeze in my hair on the weekend,50
Midnights (3am Edition),Karma,10,Karma's a relaxing thought,51
Midnights (3am Edition),Karma,10,Aren't you envious that for you it's not?,52
Midnights (3am Edition),Karma,10,Sweet like honey, karma is a cat,53
Midnights (3am Edition),Karma,10,Purring in my lap 'cause it loves me,54
Midnights (3am Edition),Karma,10,Flexing like a goddamn acrobat,55
Midnights (3am Edition),Karma,10,Me and karma vibe like that,56
Midnights (3am Edition),Karma,10,Karma is my boyfriend,57
Midnights (3am Edition),Karma,10,Karma is a god,58
Midnights (3am Edition),Karma,10,Uh-huh, mm,59
Midnights (3am Edition),Karma,10,Karma's a relaxing thought,60
Midnights (3am Edition),Sweet Nothing,11,I spy with my little tired eye,1
Midnights (3am Edition),Sweet Nothing,11,Tiny as a firefly,2
Midnights (3am Edition),Sweet Nothing,11,A pebble that we picked up last July,3
Midnights (3am Edition),Sweet Nothing,11,Down deep inside your pocket,4
Midnights (3am Edition),Sweet Nothing,11,We almost forgot it,5
Midnights (3am Edition),Sweet Nothing,11,Does it ever miss Wicklow sometimes?,6
Midnights (3am Edition),Sweet Nothing,11,Ooh, ooh,7
Midnights (3am Edition),Sweet Nothing,11,They said the end is comin',8
Midnights (3am Edition),Sweet Nothing,11,Everyone’s up to somethin',9
Midnights (3am Edition),Sweet Nothing,11,I find myself runnin' home to your sweet nothings,10
Midnights (3am Edition),Sweet Nothing,11,Outside, they’re push and shovin',11
Midnights (3am Edition),Sweet Nothing,11,You're in the kitchen hummin',12
Midnights (3am Edition),Sweet Nothing,11,All that you ever wanted from me was sweet nothin',13
Midnights (3am Edition),Sweet Nothing,11,On the way home,14
Midnights (3am Edition),Sweet Nothing,11,I wrote a poem,15
Midnights (3am Edition),Sweet Nothing,11,You say, "What a mind",16
Midnights (3am Edition),Sweet Nothing,11,This happens all the time,17
Midnights (3am Edition),Sweet Nothing,11,Ooh, ooh,18
Midnights (3am Edition),Sweet Nothing,11,'Causе they said the end is comin',19
Midnights (3am Edition),Sweet Nothing,11,Evеryone's up to somethin’,20
Midnights (3am Edition),Sweet Nothing,11,I find myself runnin’ home to your sweet nothings,21
Midnights (3am Edition),Sweet Nothing,11,Outside, they're push and shovin’,22
Midnights (3am Edition),Sweet Nothing,11,You're in the kitchen hummin',23
Midnights (3am Edition),Sweet Nothing,11,All that you ever wanted from me was nothin',24
Midnights (3am Edition),Sweet Nothing,11,Industry disruptors and soul deconstructors,25
Midnights (3am Edition),Sweet Nothing,11,And smooth-talking hucksters out glad-handing each other,26
Midnights (3am Edition),Sweet Nothing,11,And the voices that implore, "You should be doing more",27
Midnights (3am Edition),Sweet Nothing,11,To you, I can admit that I’m just too soft for all of it,28
Midnights (3am Edition),Sweet Nothing,11,Ooh,29
Midnights (3am Edition),Sweet Nothing,11,They said the end is comin',30
Midnights (3am Edition),Sweet Nothing,11,Everyone's up to somethin',31
Midnights (3am Edition),Sweet Nothing,11,I find myself runnin' home to your sweet nothings,32
Midnights (3am Edition),Sweet Nothing,11,Outside, they're push and shovin',33
Midnights (3am Edition),Sweet Nothing,11,You're in the kitchen hummin',34
Midnights (3am Edition),Sweet Nothing,11,All that you ever wanted from me was sweet nothin',35
Midnights (3am Edition),Sweet Nothing,11,They said the end is comin',36
Midnights (3am Edition),Sweet Nothing,11,Everyone's up to somethin',37
Midnights (3am Edition),Sweet Nothing,11,I find myself runnin' home to your sweet nothings,38
Midnights (3am Edition),Sweet Nothing,11,Outside, they're push and shovin',39
Midnights (3am Edition),Sweet Nothing,11,You're in the kitchen hummin',40
Midnights (3am Edition),Sweet Nothing,11,All that you ever wanted from me was sweet nothin'You might also like,41
Midnights (3am Edition),Mastermind,12,Once upon a time, the planets and the fates,1
Midnights (3am Edition),Mastermind,12,And all the stars aligned,2
Midnights (3am Edition),Mastermind,12,You and I ended up in the same room,3
Midnights (3am Edition),Mastermind,12,At the same time,4
Midnights (3am Edition),Mastermind,12,And the touch of a hand lit the fuse,5
Midnights (3am Edition),Mastermind,12,Of a chain reaction of countermoves,6
Midnights (3am Edition),Mastermind,12,To assess the equation of you,7
Midnights (3am Edition),Mastermind,12,Checkmate, I couldn't lose,8
Midnights (3am Edition),Mastermind,12,What if I told you none of it was accidental?,9
Midnights (3am Edition),Mastermind,12,And the first night that you saw me,10
Midnights (3am Edition),Mastermind,12,Nothing was gonna stop me,11
Midnights (3am Edition),Mastermind,12,I laid the groundwork, and then,12
Midnights (3am Edition),Mastermind,12,Just like clockwork,13
Midnights (3am Edition),Mastermind,12,The dominoes cascaded in a line,14
Midnights (3am Edition),Mastermind,12,What if I told you I'm a mastermind?,15
Midnights (3am Edition),Mastermind,12,And now you're mine,16
Midnights (3am Edition),Mastermind,12,It was all by dеsign,17
Midnights (3am Edition),Mastermind,12,'Cause I'm a mastermind,18
Midnights (3am Edition),Mastermind,12,You see, all the wisеst women,19
Midnights (3am Edition),Mastermind,12,Had to do it this way,20
Midnights (3am Edition),Mastermind,12,'Cause we were born to be the pawn,21
Midnights (3am Edition),Mastermind,12,In every lover's game,22
Midnights (3am Edition),Mastermind,12,If you fail to plan, you plan to fail,23
Midnights (3am Edition),Mastermind,12,Strategy sets the scene for the tale,24
Midnights (3am Edition),Mastermind,12,I'm the wind in our free-flowing sails,25
Midnights (3am Edition),Mastermind,12,And the liquor in our cocktails,26
Midnights (3am Edition),Mastermind,12,What if I told you none of it was accidental?,27
Midnights (3am Edition),Mastermind,12,And the first night that you saw me,28
Midnights (3am Edition),Mastermind,12,I knew I wanted your body,29
Midnights (3am Edition),Mastermind,12,I laid the groundwork, and then,30
Midnights (3am Edition),Mastermind,12,Just like clockwork,31
Midnights (3am Edition),Mastermind,12,The dominoes cascaded in a line,32
Midnights (3am Edition),Mastermind,12,What if I told you I'm a mastermind?,33
Midnights (3am Edition),Mastermind,12,And now you're mine,34
Midnights (3am Edition),Mastermind,12,It was all my design,35
Midnights (3am Edition),Mastermind,12,'Cause I'm a mastermind,36
Midnights (3am Edition),Mastermind,12,You might also like,37
Midnights (3am Edition),Mastermind,12,No one wanted to play with me as a little kid,38
Midnights (3am Edition),Mastermind,12,So I've been scheming like a criminal ever since,39
Midnights (3am Edition),Mastermind,12,To make them love me and make it seem effortless,40
Midnights (3am Edition),Mastermind,12,This is the first time I've felt the need to confess,41
Midnights (3am Edition),Mastermind,12,And I swear,42
Midnights (3am Edition),Mastermind,12,I'm only cryptic and Machiavellian,43
Midnights (3am Edition),Mastermind,12,'Cause I care,44
Midnights (3am Edition),Mastermind,12,So I told you none of it was accidental,45
Midnights (3am Edition),Mastermind,12,And the first night that you saw me,46
Midnights (3am Edition),Mastermind,12,Nothing was gonna stop me,47
Midnights (3am Edition),Mastermind,12,I laid the groundwork, and then,48
Midnights (3am Edition),Mastermind,12,Saw a wide smirk on your face,49
Midnights (3am Edition),Mastermind,12,You knew the entire time,50
Midnights (3am Edition),Mastermind,12,You knew that I'm a mastermind,51
Midnights (3am Edition),Mastermind,12,And now you're mine,52
Midnights (3am Edition),Mastermind,12,Yeah, all you did was smile,53
Midnights (3am Edition),Mastermind,12,'Cause I'm a mastermind,54
Midnights (3am Edition),The Great War,13,My knuckles were bruised like violets,1
Midnights (3am Edition),The Great War,13,Sucker punching walls, cursed you as I sleep-talked,2
Midnights (3am Edition),The Great War,13,Spineless in my tomb of silence,3
Midnights (3am Edition),The Great War,13,Tore your banners down, took the battle underground,4
Midnights (3am Edition),The Great War,13,And maybe it was egos swinging,5
Midnights (3am Edition),The Great War,13,Maybe it was her,6
Midnights (3am Edition),The Great War,13,Flashes of the battle come back to me in a blur,7
Midnights (3am Edition),The Great War,13,All that bloodshed, crimson clover,8
Midnights (3am Edition),The Great War,13,Uh-huh, sweet dream was over,9
Midnights (3am Edition),The Great War,13,My hand was the one you reached for,10
Midnights (3am Edition),The Great War,13,All throughout the Great War,11
Midnights (3am Edition),The Great War,13,Always remember,12
Midnights (3am Edition),The Great War,13,Uh-huh, tears on the lеtter,13
Midnights (3am Edition),The Great War,13,I vowed not to cry anymore,14
Midnights (3am Edition),The Great War,13,If wе survived the Great War,15
Midnights (3am Edition),The Great War,13,You drew up some good faith treaties,16
Midnights (3am Edition),The Great War,13,I drew curtains closed, drank my poison all alone,17
Midnights (3am Edition),The Great War,13,You said I have to trust more freely,18
Midnights (3am Edition),The Great War,13,But diesel is desire, you were playing with fire,19
Midnights (3am Edition),The Great War,13,And maybe it's the past that's talking,20
Midnights (3am Edition),The Great War,13,Screaming from the crypt,21
Midnights (3am Edition),The Great War,13,Telling me to punish you for things you never did,22
Midnights (3am Edition),The Great War,13,So I justified it,23
Midnights (3am Edition),The Great War,13,All that bloodshed, crimson clover,24
Midnights (3am Edition),The Great War,13,Uh-huh, the bombs were closer,25
Midnights (3am Edition),The Great War,13,My hand was the one you reached for,26
Midnights (3am Edition),The Great War,13,All throughout the Great War,27
Midnights (3am Edition),The Great War,13,Always remember,28
Midnights (3am Edition),The Great War,13,Uh-huh, the burning embers,29
Midnights (3am Edition),The Great War,13,I vowed not to fight anymore,30
Midnights (3am Edition),The Great War,13,If we survived the Great War,31
Midnights (3am Edition),The Great War,13,Uh-huh, uh-huh,32
Midnights (3am Edition),The Great War,13,It turned into something bigger,33
Midnights (3am Edition),The Great War,13,Somewhere in the haze, got a sense I'd been betrayed,34
Midnights (3am Edition),The Great War,13,Your finger on my hairpin triggers,35
Midnights (3am Edition),The Great War,13,Soldier down on that icy ground,36
Midnights (3am Edition),The Great War,13,Looked up at me with honor and truth,37
Midnights (3am Edition),The Great War,13,Broken and blue, so I called off the troops,38
Midnights (3am Edition),The Great War,13,That was the night I nearly lost you,39
Midnights (3am Edition),The Great War,13,I really thought I'd lost you,40
Midnights (3am Edition),The Great War,13,You might also like,41
Midnights (3am Edition),The Great War,13,We can plant a memory garden,42
Midnights (3am Edition),The Great War,13,Say a solemn prayer, place a poppy in my hair,43
Midnights (3am Edition),The Great War,13,There's no morning glory, it was war, it wasn't fair,44
Midnights (3am Edition),The Great War,13,And we will never go back,45
Midnights (3am Edition),The Great War,13,To that bloodshed, crimson clover,46
Midnights (3am Edition),The Great War,13,Uh-huh, the worst was over,47
Midnights (3am Edition),The Great War,13,My hand was the one you reached for,48
Midnights (3am Edition),The Great War,13,All throughout the Great War,49
Midnights (3am Edition),The Great War,13,Always remember,50
Midnights (3am Edition),The Great War,13,Uh-huh, we're burned for better,51
Midnights (3am Edition),The Great War,13,I vowed I would always be yours,52
Midnights (3am Edition),The Great War,13,'Cause we survived the Great War,53
Midnights (3am Edition),The Great War,13,Uh-huh, uh-huh,54
Midnights (3am Edition),The Great War,13,I will always be yours,55
Midnights (3am Edition),The Great War,13,'Cause we survived the Great War,56
Midnights (3am Edition),The Great War,13,Uh-huh,57
Midnights (3am Edition),The Great War,13,I vow I will always be yours,58
Midnights (3am Edition),Bigger Than The Whole Sky,14,No words appear before me in the aftermath,1
Midnights (3am Edition),Bigger Than The Whole Sky,14,Salt streams out my eyes and into my ears,2
Midnights (3am Edition),Bigger Than The Whole Sky,14,Every single thing I touch becomes sick with sadness,3
Midnights (3am Edition),Bigger Than The Whole Sky,14,'Cause it's all over now, all out to sea,4
Midnights (3am Edition),Bigger Than The Whole Sky,14,Goodbye, goodbye, goodbye,5
Midnights (3am Edition),Bigger Than The Whole Sky,14,You were bigger than the whole sky,6
Midnights (3am Edition),Bigger Than The Whole Sky,14,You were more than just a short time,7
Midnights (3am Edition),Bigger Than The Whole Sky,14,And I've got a lot to pine about,8
Midnights (3am Edition),Bigger Than The Whole Sky,14,I've got a lot to live without,9
Midnights (3am Edition),Bigger Than The Whole Sky,14,I'm never gonna meet,10
Midnights (3am Edition),Bigger Than The Whole Sky,14,What could've been, would've been,11
Midnights (3am Edition),Bigger Than The Whole Sky,14,What should've been you,12
Midnights (3am Edition),Bigger Than The Whole Sky,14,What could've been, would've been you,13
Midnights (3am Edition),Bigger Than The Whole Sky,14,Did some bird flap its wings ovеr in Asia?,14
Midnights (3am Edition),Bigger Than The Whole Sky,14,Did some force take you bеcause I didn't pray?,15
Midnights (3am Edition),Bigger Than The Whole Sky,14,Every single thing to come has turned into ashes,16
Midnights (3am Edition),Bigger Than The Whole Sky,14,'Cause it's all over, it's not meant to be,17
Midnights (3am Edition),Bigger Than The Whole Sky,14,So I'll say words I don't believe,18
Midnights (3am Edition),Bigger Than The Whole Sky,14,Goodbye, goodbye, goodbye,19
Midnights (3am Edition),Bigger Than The Whole Sky,14,You were bigger than the whole sky,20
Midnights (3am Edition),Bigger Than The Whole Sky,14,You were more than just a short time,21
Midnights (3am Edition),Bigger Than The Whole Sky,14,And I've got a lot to pine about,22
Midnights (3am Edition),Bigger Than The Whole Sky,14,I've got a lot to live without,23
Midnights (3am Edition),Bigger Than The Whole Sky,14,I'm never gonna meet,24
Midnights (3am Edition),Bigger Than The Whole Sky,14,What could've been, would've been,25
Midnights (3am Edition),Bigger Than The Whole Sky,14,What should've been you,26
Midnights (3am Edition),Bigger Than The Whole Sky,14,What could've been, would've been you,27
Midnights (3am Edition),Bigger Than The Whole Sky,14,What could've been, would've been,28
Midnights (3am Edition),Bigger Than The Whole Sky,14,What should've been you,29
Midnights (3am Edition),Bigger Than The Whole Sky,14,What could've been, would've been you,30
Midnights (3am Edition),Bigger Than The Whole Sky,14,Goodbye, goodbye, goodbye,31
Midnights (3am Edition),Bigger Than The Whole Sky,14,You were bigger than the whole sky,32
Midnights (3am Edition),Bigger Than The Whole Sky,14,You were more than just a short time,33
Midnights (3am Edition),Bigger Than The Whole Sky,14,And I've got a lot to pine about,34
Midnights (3am Edition),Bigger Than The Whole Sky,14,I've got a lot to live without,35
Midnights (3am Edition),Bigger Than The Whole Sky,14,I'm never gonna meet,36
Midnights (3am Edition),Bigger Than The Whole Sky,14,What could've been, would've been,37
Midnights (3am Edition),Bigger Than The Whole Sky,14,What should've been youYou might also like,38
Midnights (3am Edition),Paris,15,"Your ex-friend's sister,1
Midnights (3am Edition),Paris,15,Met someone at a club and he kissed her,2
Midnights (3am Edition),Paris,15,Turns out, it was that guy you hooked up with ages ago,3
Midnights (3am Edition),Paris,15,Some wannabe Z-lister,4
Midnights (3am Edition),Paris,15,And all the outfits were terrible,5
Midnights (3am Edition),Paris,15,2003 unbearable,6
Midnights (3am Edition),Paris,15,Did you see the photos?",7
Midnights (3am Edition),Paris,15,No, I didn't, but thanks, though,8
Midnights (3am Edition),Paris,15,I'm so in love that I might stop breathing,9
Midnights (3am Edition),Paris,15,Drew a map on your bedroom ceiling,10
Midnights (3am Edition),Paris,15,No, I didn't see the news,11
Midnights (3am Edition),Paris,15,'Cause we were somewhere else,12
Midnights (3am Edition),Paris,15,Stumbled down pretend alleyways,13
Midnights (3am Edition),Paris,15,Cheap wine, make believe it's champagne,14
Midnights (3am Edition),Paris,15,I was taken by the view,15
Midnights (3am Edition),Paris,15,Like we were in Paris,16
Midnights (3am Edition),Paris,15,Like we were somewhere else,17
Midnights (3am Edition),Paris,15,Like we were in Paris, oh,18
Midnights (3am Edition),Paris,15,We were somewhere else,19
Midnights (3am Edition),Paris,15,Privacy sign on the door,20
Midnights (3am Edition),Paris,15,And on my page and on the whole world,21
Midnights (3am Edition),Paris,15,Romance is not dead if you keep it just yours,22
Midnights (3am Edition),Paris,15,Levitate above all the messes made,23
Midnights (3am Edition),Paris,15,Sit quiet by my side in the shade,24
Midnights (3am Edition),Paris,15,And not the kind that's thrown,25
Midnights (3am Edition),Paris,15,I mean, the kind under where a tree has grown,26
Midnights (3am Edition),Paris,15,I'm so in love that I might stop breathing,27
Midnights (3am Edition),Paris,15,Drew a map on your bedroom ceiling,28
Midnights (3am Edition),Paris,15,No, I didn't see the news,29
Midnights (3am Edition),Paris,15,'Cause we were somewhere else,30
Midnights (3am Edition),Paris,15,Stumbled down pretend alleyways,31
Midnights (3am Edition),Paris,15,Cheap wine, make believe it's champagne,32
Midnights (3am Edition),Paris,15,I was taken by the view,33
Midnights (3am Edition),Paris,15,Like we were in Paris, oh,34
Midnights (3am Edition),Paris,15,Like we were somewhere else,35
Midnights (3am Edition),Paris,15,Like we were in Paris, oh,36
Midnights (3am Edition),Paris,15,We were somewhere else,37
Midnights (3am Edition),Paris,15,You might also like,38
Midnights (3am Edition),Paris,15,I wanna brainwash you,39
Midnights (3am Edition),Paris,15,Into loving me forever,40
Midnights (3am Edition),Paris,15,I wanna transport you,41
Midnights (3am Edition),Paris,15,To somewhere the culture's clever,42
Midnights (3am Edition),Paris,15,Confess my truth,43
Midnights (3am Edition),Paris,15,In swooping, sloping, cursive letters,44
Midnights (3am Edition),Paris,15,Let the only flashing lights be the tower at midnight,45
Midnights (3am Edition),Paris,15,In my mind,46
Midnights (3am Edition),Paris,15,We drew a map on your bedroom ceiling,47
Midnights (3am Edition),Paris,15,No, I didn't see the news,48
Midnights (3am Edition),Paris,15,'Cause we were somewhere else,49
Midnights (3am Edition),Paris,15,In an alleyway, drinking champagne,50
Midnights (3am Edition),Paris,15,'Cause we were in Paris,51
Midnights (3am Edition),Paris,15,Yes, we were somewhere else,52
Midnights (3am Edition),Paris,15,My love, we were in Paris,53
Midnights (3am Edition),Paris,15,Yes, we were somewhere else,54
Midnights (3am Edition),High Infidelity,16,Lock broken, slur spoken,1
Midnights (3am Edition),High Infidelity,16,Wound open, game token,2
Midnights (3am Edition),High Infidelity,16,I didn't know you were keeping count,3
Midnights (3am Edition),High Infidelity,16,Rain soaking, blind hoping,4
Midnights (3am Edition),High Infidelity,16,You said I was freeloading,5
Midnights (3am Edition),High Infidelity,16,I didn't know you were keeping count,6
Midnights (3am Edition),High Infidelity,16,High infidelity,7
Midnights (3am Edition),High Infidelity,16,Put on your records and regret me,8
Midnights (3am Edition),High Infidelity,16,I bent the truth too far tonight,9
Midnights (3am Edition),High Infidelity,16,I was dancing around, dancing around it,10
Midnights (3am Edition),High Infidelity,16,High infidelity,11
Midnights (3am Edition),High Infidelity,16,Put on your headphones and burn my city,12
Midnights (3am Edition),High Infidelity,16,Your picket fence is sharp as knives,13
Midnights (3am Edition),High Infidelity,16,I was dancing around, dancing around it,14
Midnights (3am Edition),High Infidelity,16,Do you really wanna know where I was April 29th?,15
Midnights (3am Edition),High Infidelity,16,Do I really have to chart the constellations in his eyes?,16
Midnights (3am Edition),High Infidelity,16,Storm coming, good husband,17
Midnights (3am Edition),High Infidelity,16,Bad omen,18
Midnights (3am Edition),High Infidelity,16,Dragged my feet right down the aisle,19
Midnights (3am Edition),High Infidelity,16,At the house lonely, good money,20
Midnights (3am Edition),High Infidelity,16,I'd pay if you'd just know me,21
Midnights (3am Edition),High Infidelity,16,Seemed like the right thing at the time,22
Midnights (3am Edition),High Infidelity,16,You know there's many different ways that you can kill the one you love,23
Midnights (3am Edition),High Infidelity,16,The slowest way is never loving them enough,24
Midnights (3am Edition),High Infidelity,16,Do you really wanna know where I was April 29th?,25
Midnights (3am Edition),High Infidelity,16,Do I really have to tell you how he brought me back to life?,26
Midnights (3am Edition),High Infidelity,16,High infidelity,27
Midnights (3am Edition),High Infidelity,16,Put on your records and regret me,28
Midnights (3am Edition),High Infidelity,16,I bent the truth too far tonight,29
Midnights (3am Edition),High Infidelity,16,I was dancing around, dancing around it,30
Midnights (3am Edition),High Infidelity,16,High infidelity,31
Midnights (3am Edition),High Infidelity,16,Put on your headphones and burn my city,32
Midnights (3am Edition),High Infidelity,16,Your picket fence is sharp as knives,33
Midnights (3am Edition),High Infidelity,16,I was dancing around, dancing around it,34
Midnights (3am Edition),High Infidelity,16,You might also like,35
Midnights (3am Edition),High Infidelity,16,Do you really want to know where I was April 29th?,36
Midnights (3am Edition),High Infidelity,16,Do I really have to chart the constellations in his eyes?,37
Midnights (3am Edition),High Infidelity,16,You know there's many different ways that you can kill the one you love,38
Midnights (3am Edition),High Infidelity,16,The slowest way is never loving them enough,39
Midnights (3am Edition),High Infidelity,16,High infidelity,40
Midnights (3am Edition),High Infidelity,16,Put on your records and regret meeting me,41
Midnights (3am Edition),High Infidelity,16,I bent the truth too far tonight,42
Midnights (3am Edition),High Infidelity,16,I was dancing around, dancing around it,43
Midnights (3am Edition),High Infidelity,16,High infidelity,44
Midnights (3am Edition),High Infidelity,16,Put on your headphones and burn my city,45
Midnights (3am Edition),High Infidelity,16,Your picket fence is sharp as knives,46
Midnights (3am Edition),High Infidelity,16,I was dancing around, dancing around it,47
Midnights (3am Edition),High Infidelity,16,Oh, there's many different ways that you can kill the one you love,48
Midnights (3am Edition),High Infidelity,16,And it's never enough, it's never enough,49
Midnights (3am Edition),High Infidelity,16,Lock broken, slur spoken,50
Midnights (3am Edition),High Infidelity,16,Wound open, game token,51
Midnights (3am Edition),High Infidelity,16,I didn't know you were keeping count,52
Midnights (3am Edition),High Infidelity,16,Rain soaking, blind hoping,53
Midnights (3am Edition),High Infidelity,16,You said I was freeloading,54
Midnights (3am Edition),High Infidelity,16,I didn't know you were keeping count,55
Midnights (3am Edition),High Infidelity,16,But, oh, you were keeping count,56
Midnights (3am Edition),Glitch,17,We were supposed to be just friends,1
Midnights (3am Edition),Glitch,17,You don't live in my part of town, but maybe I'll see you out some weekend,2
Midnights (3am Edition),Glitch,17,Depending on what kind of mood and situationship I'm in,3
Midnights (3am Edition),Glitch,17,And what's in my system,4
Midnights (3am Edition),Glitch,17,I think there's been a glitch, oh, yeah,5
Midnights (3am Edition),Glitch,17,Five seconds later, I'm fastening myself to you with a stitch, oh, yeah,6
Midnights (3am Edition),Glitch,17,And I'm not even sorry, nights are so starry,7
Midnights (3am Edition),Glitch,17,Blood moonlit,8
Midnights (3am Edition),Glitch,17,It must be counterfeit,9
Midnights (3am Edition),Glitch,17,I think there's been a glitch, oh, yeah,10
Midnights (3am Edition),Glitch,17,I was supposed to sweat you out,11
Midnights (3am Edition),Glitch,17,In search of glorious happenings of happenstance on someone else's playground,12
Midnights (3am Edition),Glitch,17,But it's been two-thousand one-hundred ninety days of our love blackout,13
Midnights (3am Edition),Glitch,17,The system's breaking down,14
Midnights (3am Edition),Glitch,17,I think there's been a glitch, oh, yeah,15
Midnights (3am Edition),Glitch,17,Five seconds later, I'm fastening myself to you with a stitch, oh, yeah,16
Midnights (3am Edition),Glitch,17,And I'm not even sorry, nights are so starry,17
Midnights (3am Edition),Glitch,17,Blood moonlit,18
Midnights (3am Edition),Glitch,17,It must be counterfeit,19
Midnights (3am Edition),Glitch,17,I think there's been a glitch,20
Midnights (3am Edition),Glitch,17,A brief interruption, a slight malfunction,21
Midnights (3am Edition),Glitch,17,I'd go back to wanting dudes who give nothing,22
Midnights (3am Edition),Glitch,17,I thought we had no chance,23
Midnights (3am Edition),Glitch,17,And that's romance, let's dance,24
Midnights (3am Edition),Glitch,17,Glitch, oh, yeah,25
Midnights (3am Edition),Glitch,17,Five seconds later, I'm fastening myself to you with a stitch, oh, yeah,26
Midnights (3am Edition),Glitch,17,And I'm not even sorry, nights are so starry,27
Midnights (3am Edition),Glitch,17,Blood moonlit,28
Midnights (3am Edition),Glitch,17,It must be counterfeit,29
Midnights (3am Edition),Glitch,17,I think there's been a glitchYou might also like,30
Midnights (3am Edition),Would’ve, Could’ve, Should’ve,18,If you would've blinked, then I would've,1
Midnights (3am Edition),Would’ve, Could’ve, Should’ve,18,Looked away at the first glance,2
Midnights (3am Edition),Would’ve, Could’ve, Should’ve,18,If you tasted poison, you could've,3
Midnights (3am Edition),Would’ve, Could’ve, Should’ve,18,Spit me out at the first chance,4
Midnights (3am Edition),Would’ve, Could’ve, Should’ve,18,And if I was some paint, did it splatter,5
Midnights (3am Edition),Would’ve, Could’ve, Should’ve,18,On a promising grown man?,6
Midnights (3am Edition),Would’ve, Could’ve, Should’ve,18,And if I was a child, did it matter,7
Midnights (3am Edition),Would’ve, Could’ve, Should’ve,18,If you got to wash your hands?,8
Midnights (3am Edition),Would’ve, Could’ve, Should’ve,18,Ooh, all I used to do was pray,9
Midnights (3am Edition),Would’ve, Could’ve, Should’ve,18,Would've, could've, should've,10
Midnights (3am Edition),Would’ve, Could’ve, Should’ve,18,If you'd never looked my way,11
Midnights (3am Edition),Would’ve, Could’ve, Should’ve,18,I would've stayed on my knees,12
Midnights (3am Edition),Would’ve, Could’ve, Should’ve,18,And I damn sure never would've danced with the devil,13
Midnights (3am Edition),Would’ve, Could’ve, Should’ve,18,At nineteen,14
Midnights (3am Edition),Would’ve, Could’ve, Should’ve,18,And the God's honest truth is that the pain was heaven,15
Midnights (3am Edition),Would’ve, Could’ve, Should’ve,18,And now that I'm grown, I'm scared of ghosts,16
Midnights (3am Edition),Would’ve, Could’ve, Should’ve,18,Memories feel like weapons,17
Midnights (3am Edition),Would’ve, Could’ve, Should’ve,18,And now that I know, I wish you'd left me wondering,18
Midnights (3am Edition),Would’ve, Could’ve, Should’ve,18,If you never touched me, I would've,19
Midnights (3am Edition),Would’ve, Could’ve, Should’ve,18,Gone along with the righteous,20
Midnights (3am Edition),Would’ve, Could’ve, Should’ve,18,If I never blushed, then they could've,21
Midnights (3am Edition),Would’ve, Could’ve, Should’ve,18,Never whispered about this,22
Midnights (3am Edition),Would’ve, Could’ve, Should’ve,18,And if you never saved me from boredom,23
Midnights (3am Edition),Would’ve, Could’ve, Should’ve,18,I could've gone on as I was,24
Midnights (3am Edition),Would’ve, Could’ve, Should’ve,18,But, Lord, you made me feel important,25
Midnights (3am Edition),Would’ve, Could’ve, Should’ve,18,And then you tried to erase us,26
Midnights (3am Edition),Would’ve, Could’ve, Should’ve,18,Ooh, you're a crisis of my faith,27
Midnights (3am Edition),Would’ve, Could’ve, Should’ve,18,Would've, could've, should've,28
Midnights (3am Edition),Would’ve, Could’ve, Should’ve,18,If I'd only played it safe,29
Midnights (3am Edition),Would’ve, Could’ve, Should’ve,18,I would've stayed on my knees,30
Midnights (3am Edition),Would’ve, Could’ve, Should’ve,18,And I damn sure never would've danced with the devil,31
Midnights (3am Edition),Would’ve, Could’ve, Should’ve,18,At nineteen,32
Midnights (3am Edition),Would’ve, Could’ve, Should’ve,18,And the God's honest truth is that the pain was heaven,33
Midnights (3am Edition),Would’ve, Could’ve, Should’ve,18,And now that I'm grown, I'm scared of ghosts,34
Midnights (3am Edition),Would’ve, Could’ve, Should’ve,18,Memories feel like weapons,35
Midnights (3am Edition),Would’ve, Could’ve, Should’ve,18,And now that I know, I wish you'd left me wondering,36
Midnights (3am Edition),Would’ve, Could’ve, Should’ve,18,You might also like,37
Midnights (3am Edition),Would’ve, Could’ve, Should’ve,18,God rest my soul,38
Midnights (3am Edition),Would’ve, Could’ve, Should’ve,18,I miss who I used to be,39
Midnights (3am Edition),Would’ve, Could’ve, Should’ve,18,The tomb won't close,40
Midnights (3am Edition),Would’ve, Could’ve, Should’ve,18,Stained glass windows in my mind,41
Midnights (3am Edition),Would’ve, Could’ve, Should’ve,18,I regret you all the time,42
Midnights (3am Edition),Would’ve, Could’ve, Should’ve,18,I can't let this go,43
Midnights (3am Edition),Would’ve, Could’ve, Should’ve,18,I fight with you in my sleep,44
Midnights (3am Edition),Would’ve, Could’ve, Should’ve,18,The wound won't close,45
Midnights (3am Edition),Would’ve, Could’ve, Should’ve,18,I keep on waiting for a sign,46
Midnights (3am Edition),Would’ve, Could’ve, Should’ve,18,I regret you all the time,47
Midnights (3am Edition),Would’ve, Could’ve, Should’ve,18,If clarity's in death, then why won't this die?,48
Midnights (3am Edition),Would’ve, Could’ve, Should’ve,18,Years of tearing down our banners, you and I,49
Midnights (3am Edition),Would’ve, Could’ve, Should’ve,18,Living for the thrill of hitting you where it hurts,50
Midnights (3am Edition),Would’ve, Could’ve, Should’ve,18,Give me back my girlhood, it was mine first,51
Midnights (3am Edition),Would’ve, Could’ve, Should’ve,18,And I damn sure never would've danced with the devil,52
Midnights (3am Edition),Would’ve, Could’ve, Should’ve,18,At nineteen,53
Midnights (3am Edition),Would’ve, Could’ve, Should’ve,18,And the God's honest truth is that the pain was heaven,54
Midnights (3am Edition),Would’ve, Could’ve, Should’ve,18,And now that I'm grown, I'm scared of ghosts,55
Midnights (3am Edition),Would’ve, Could’ve, Should’ve,18,Memories feel like weapons,56
Midnights (3am Edition),Would’ve, Could’ve, Should’ve,18,And now that I know, I wish you'd left me wondering,57
Midnights (3am Edition),Would’ve, Could’ve, Should’ve,18,God rest my soul,58
Midnights (3am Edition),Would’ve, Could’ve, Should’ve,18,I miss who I used to be,59
Midnights (3am Edition),Would’ve, Could’ve, Should’ve,18,The tomb won't close,60
Midnights (3am Edition),Would’ve, Could’ve, Should’ve,18,Stained glass windows in my mind,61
Midnights (3am Edition),Would’ve, Could’ve, Should’ve,18,I regret you all the time,62
Midnights (3am Edition),Would’ve, Could’ve, Should’ve,18,I can't let this go,63
Midnights (3am Edition),Would’ve, Could’ve, Should’ve,18,I fight with you in my sleep,64
Midnights (3am Edition),Would’ve, Could’ve, Should’ve,18,The wound won't close,65
Midnights (3am Edition),Would’ve, Could’ve, Should’ve,18,I keep on waiting for a sign,66
Midnights (3am Edition),Would’ve, Could’ve, Should’ve,18,I regret you all the time,67
Midnights (3am Edition),Would’ve, Could’ve, Should’ve,18,Oh, God rest my soul,68
Midnights (3am Edition),Would’ve, Could’ve, Should’ve,18,I miss who I used to be,69
Midnights (3am Edition),Would’ve, Could’ve, Should’ve,18,The tomb won't close,70
Midnights (3am Edition),Would’ve, Could’ve, Should’ve,18,Stained glass windows in my mind,71
